image,method,width,height,G_dx,G_dy,R_dx,R_dy,seconds
00056v.jpg,single,398,341,1,5,1,13,0.46
00056v.jpg,pyramid,398,341,1,5,1,13,0.059
00125v.jpg,single,400,341,2,5,1,10,0.456
00125v.jpg,pyramid,400,341,2,5,1,10,0.061
00163v.jpg,single,387,341,1,-3,1,-4,0.45
00163v.jpg,pyramid,387,341,1,-3,1,-4,0.059
00458u.jpg,single,400,346,1,5,3,9,0.466
00458u.jpg,pyramid,3741,3238,6,43,32,87,1.965
00804v.jpg,single,396,341,-2,6,-4,13,0.459
00804v.jpg,pyramid,396,341,-2,6,-4,13,0.06
01007a.jpg,single,400,341,1,6,1,14,0.461
01007a.jpg,pyramid,3800,3238,14,60,13,129,1.977
01047u.jpg,single,400,344,2,3,4,8,0.459
01047u.jpg,pyramid,3741,3218,20,24,33,71,1.929
01164v.jpg,single,396,341,2,6,3,11,0.457
01164v.jpg,pyramid,396,341,2,6,3,11,0.06
01269v.jpg,single,395,341,2,6,3,14,0.457
01269v.jpg,pyramid,395,341,2,6,3,14,0.06
01522v.jpg,single,391,341,2,6,2,13,0.449
01522v.jpg,pyramid,391,341,2,6,2,13,0.057
01597v.jpg,single,395,341,1,7,1,15,0.452
01597v.jpg,pyramid,395,341,1,7,1,16,0.06
01598v.jpg,single,392,341,0,8,-1,15,0.452
01598v.jpg,pyramid,392,341,0,8,-1,16,0.058
01657u.jpg,single,400,342,1,6,1,12,0.462
01657u.jpg,pyramid,3761,3212,9,55,12,117,1.939
01725u.jpg,single,400,346,5,8,8,15,0.461
01725u.jpg,pyramid,3731,3231,44,77,77,162,1.891
01728v.jpg,single,397,341,1,8,1,15,0.458
01728v.jpg,pyramid,397,341,1,8,1,18,0.059
01861a.jpg,single,400,345,4,8,7,15,0.46
01861a.jpg,pyramid,3741,3228,39,71,63,148,1.919
10131v.jpg,single,400,341,2,6,3,12,0.457
10131v.jpg,pyramid,400,341,2,6,3,12,0.058
31421v.jpg,single,398,341,0,8,0,13,0.45
31421v.jpg,pyramid,398,341,0,8,0,13,0.059
service-pnp-prok-00000-00031_150px.jpg,single,58,50,0,1,0,5,0.023
service-pnp-prok-00000-00031_150px.jpg,pyramid,58,50,0,1,0,5,0.023
service-pnp-prok-00100-00159_150px.jpg,single,59,50,0,1,0,1,0.024
service-pnp-prok-00100-00159_150px.jpg,pyramid,59,50,0,1,0,1,0.023
service-pnp-prok-00100-00181_150px.jpg,single,58,50,0,0,0,1,0.022
service-pnp-prok-00100-00181_150px.jpg,pyramid,58,50,0,0,0,1,0.023
service-pnp-prok-00600-00656_150px.jpg,single,58,50,0,1,0,2,0.022
service-pnp-prok-00600-00656_150px.jpg,pyramid,58,50,0,1,0,2,0.024
